ICN,Δ Accuracy,Δ AUC,Δ Precision,Δ Recall,Δ F1,Δ Val Loss,auc_mean,auc_std,auc_var,auc_min,auc_max,auc_median,accuracy_mean,accuracy_std,accuracy_var,accuracy_min,accuracy_max,accuracy_median,precision_mean,precision_std,precision_var,precision_min,precision_max,precision_median,recall_mean,recall_std,recall_var,recall_min,recall_max,recall_median,f1_mean,f1_std,f1_var,f1_min,f1_max,f1_median,val_loss_mean,val_loss_std,val_loss_var,val_loss_min,val_loss_max,val_loss_median
97,0.0024429530201343346,-0.00787273727272139,-0.003048379638908879,0.017925712136850874,0.005309781189658324,0.00989017791182476,0.675073848592964,0.0023471486353277885,5.5091067163211e-06,0.6708976044772025,0.6787556161756655,0.674832525560103,0.6620744680851065,0.003387708196199103,1.1476566822594581e-05,0.6582890070921985,0.6688386524822696,0.660372340425532,0.675956386907466,0.0024849255333872933,6.174854906480124e-06,0.6726470151197572,0.6800757060277185,0.6760845558633841,0.8570134657807073,0.0038851553598748976,1.5094432170364645e-05,0.8503389330975539,0.8628389330975539,0.8566030106547349,0.7501824500402812,0.00251081859739851,6.304210029042222e-06,0.7463082767014808,0.7549328744328914,0.7498678538194168,0.6330368638038635,0.0008391019854167559,7.040921419303415e-07,0.6312240481376648,0.6341595411300659,0.6331032931804657
46,0.0034630872483220913,-0.000393147901556766,-0.005443124654806995,0.03166058390289077,0.011093832656534573,0.0069548914934320335,0.6801631908299741,0.002066037403761405,4.268510553741167e-06,0.6773579264758491,0.6830131208740158,0.6803911040256562,0.6627482269503546,0.0025906554963191306,6.711495900608522e-06,0.6561613475177306,0.6646719858156028,0.6635859929078014,0.6743326940868205,0.0019172561101503261,3.6758709919087598e-06,0.6698145829780577,0.6760908565611927,0.6749180003030172,0.8685771485857693,0.0023409817327888867,5.480195473251259e-06,0.8630493708079914,0.8705493708079916,0.8697160374746582,0.7544986259909872,0.0017652182715003262,3.1159955460385993e-06,0.7496234852464573,0.756104360416219,0.7550306890326381,0.6311969166994095,0.0004934177696263837,2.434610953830751e-07,0.6303442358970642,0.6319436371326447,0.6311428874731064
88,0.013731543624161173,-0.002214025962982014,0.00391154534843028,0.0259947321020355,0.013705794438842034,0.006738800439625578,0.6789242094946908,0.0017244900006042785,2.9738657621841447e-06,0.6759082867011806,0.6810100954904013,0.6791127721779124,0.6695301418439717,0.004254912805658133,1.810428298375356e-05,0.6646276595744681,0.6773936170212767,0.6678413120567377,0.6806753779312077,0.002482148579900608,6.161061572702605e-06,0.6774645892002231,0.6858581278569197,0.6798040711836679,0.8638069465655672,0.0036982665937419987,1.3677175798388047e-05,0.859648697407318,0.8701790004376211,0.8624517277103483,0.7564477245931556,0.002946936902822518,8.684437109217176e-06,0.7532153244904498,0.7611338172295946,0.7552513190154817,0.6310614627599717,0.000514251904091586,2.644550208618217e-07,0.6300031006336212,0.631589126586914,0.6312191516160965
96,0.0028255033557046173,-0.007336199023880216,0.018805207749731063,-0.03630515990923862,-0.0077906779912272975,0.006228819314875817,0.6754389256895926,0.0015130809645784358,2.2894140053696095e-06,0.6731992506396114,0.6776297874363455,0.6752554850908018,0.6623271276595745,0.0027657905080100604,7.64959713419855e-06,0.6561613475177305,0.6647163120567375,0.6625664893617021,0.6907736274540446,0.002423712583731279,5.874382688537353e-06,0.6870611501234966,0.6949631711952515,0.6906376763796341,0.8113553327260223,0.005018626659522344,2.5186613547668403e-05,0.8038295867606212,0.8212088390536667,0.8123929502808813,0.7404066229779606,0.0029662463717620006,8.798617537991234e-06,0.734490619415082,0.7438676776320219,0.7413627648200285,0.6307417875528335,0.0006500755436802027,4.2259821249111114e-07,0.6298460900783539,0.6321724116802215,0.6306418240070343
2,0.009302013422818854,-0.005803200960700675,0.01756082310469443,-0.011382693268525887,0.0025385782871340237,0.005655097918844693,0.6764820246359429,0.0016524195689579398,2.730490431875144e-06,0.6728824891948569,0.6787453612272268,0.6768434015051469,0.6666046099290781,0.003061862178478924,9.374999999999703e-06,0.6625886524822695,0.671054964539007,0.6657801418439717,0.6899299057213115,0.002471824912028923,6.109918395726792e-06,0.686236394568303,0.6936894226355326,0.6907096455847666,0.8323380913467121,0.004252052116245208,1.807994719926535e-05,0.8256335458921665,0.8369971822558029,0.8328305155891362,0.7481145225000614,0.002589147078962897,6.7036825965021015e-06,0.7442772234630237,0.751871080124975,0.7477732502856635,0.6303821575641632,0.0007403523223636176,5.481215612292019e-07,0.6288425326347351,0.6313117742538452,0.6304828524589539
102,0.006953020134228284,-0.007785087848892182,0.010572929887043366,-0.0016953116132434334,0.0031262647308041534,0.005268216637155024,0.6751334879518389,0.001422834675987806,2.024458515193325e-06,0.6730554437635364,0.6773887799065834,0.6752539509314108,0.6650531914893618,0.002283485575369111,5.214306372918799e-06,0.660372340425532,0.6688386524822695,0.6646498226950355,0.6851919515868995,0.0021324081008478935,4.547164308561719e-06,0.6808725522403614,0.6884527028471721,0.6852776112410774,0.8404941055113468,0.003334983688172665,1.112211620037775e-05,0.8362088390536666,0.8468540846127052,0.8406419634005841,0.7485530659862754,0.0017440874440208876,3.0418410123913126e-06,0.7461117550789199,0.7520739344170584,0.7485555222964209,0.6301396459341049,0.0006844011918277596,4.6840499137525776e-07,0.6291925072669983,0.6312287092208863,0.630197012424469
3,0.005704697986577268,-0.006342743683278906,0.0037881764876083654,0.013227319450381777,0.0066742948324249336,0.0050110523654109404,0.676114903203144,0.0011677031319040601,1.363530604258551e-06,0.6747329488638247,0.6786042815345443,0.675734432712575,0.6642287234042554,0.0037528387390986903,1.4083798601679847e-05,0.6582890070921986,0.6730939716312057,0.6646276595744681,0.6805917309741087,0.002508377935786384,6.291959868739962e-06,0.677555742073544,0.6868006915684934,0.6802196832869893,0.8530577883164089,0.003951757986589392,1.5616391184573047e-05,0.8475274852861059,0.8607850610436817,0.853588091346712,0.7512006776620523,0.002833626338491507,8.029438226192785e-06,0.7467479645740754,0.757710652210669,0.7506271387300822,0.6299784457683563,0.0005028234336427633,2.528314054202984e-07,0.6291343867778778,0.6305349051952363,0.6299968242645264
40,0.014073825503355893,-0.008173193422570616,0.007274585324047306,0.01733848631205773,0.011694399202027498,0.004715248175062698,0.6748694090043829,0.0015649434556901272,2.449048019507357e-06,0.6722052436982932,0.6774060074614576,0.675195092482276,0.669756205673759,0.00477268482911819,2.277852047809493e-05,0.6625,0.6773936170212768,0.6710328014184398,0.682955597256314,0.003336978542099717,1.1135425790433954e-05,0.678364622355771,0.6886620145134077,0.6827695592475017,0.8565190677776885,0.003849319880775881,1.4817263544536442e-05,0.8497917950504157,0.8622160374746581,0.8558524011110218,0.7549467808691551,0.0032777764959869664,1.0743818757644594e-05,0.7496043674304783,0.7594019109390622,0.7560660839404828,0.6297930246591568,0.00045057606659690367,2.0301879178993738e-07,0.6291200399398804,0.6305728793144226,0.6296422690153122
13,0.009563758389261776,-0.002600764916309574,0.000996354200425595,0.024169343400965753,0.011595112369908204,0.003930436397829188,0.6786610604376777,0.0010024442674561784,1.004894509355754e-06,0.6770420305022673,0.6805313797480215,0.678778738026977,0.6667774822695036,0.002841533333568426,8.074311685780493e-06,0.6625443262411347,0.6710549645390071,0.6667553191489362,0.6786988105278304,0.0018414114400986878,3.3907960917263232e-06,0.6750297799875988,0.6810516247577336,0.67913378588879,0.8622701127097677,0.004178692898461949,1.746147433965633e-05,0.8562703739427878,0.8698309800033938,0.8619521921246058,0.7548726910310081,0.002266947294823709,5.139050037508533e-06,0.7520916353909523,0.7586625803937829,0.7546435075542555,0.6293010753393173,0.000562236278412744,3.161096327634125e-07,0.6284011840820313,0.6301849901676178,0.629295179247856
19,0.01693959731543624,-0.0019468695146354663,0.007103057837850953,0.030043911525621952,0.01713393115728281,0.0038775228347183647,0.6791059909440443,0.0012161946343755797,1.4791293886839501e-06,0.6772377809800643,0.6806989288899621,0.6792291811418828,0.6716489361702128,0.0019148936170212982,3.6668175645089105e-06,0.6688829787234042,0.6752659574468086,0.6710106382978724,0.6828392976310799,0.0018127890047015022,3.2862039755666626e-06,0.6795220798781171,0.6865445984815179,0.6825227762224666,0.8672160374746583,0.0016318681233740884,2.662993572084469e-06,0.8644887647473855,0.8705493708079916,0.8675190677776884,0.7590058694064584,0.0012808163250540695,1.6404904585250117e-06,0.7568786233050608,0.7611243355171124,0.7588588020124005,0.6292679071426391,0.0006993803992943207,4.891329429170834e-07,0.6281367838382721,0.6304456651210785,0.6291907757520676
12,0.016885906040268545,-0.004116669375197037,0.010817238007810124,0.025641252011528674,0.01742500157980947,0.0038106142346448556,0.677629592504474,0.0014445278130371083,2.086660602637771e-06,0.6758248412003705,0.6798226704263668,0.6776617738147634,0.6716134751773051,0.002863845682285795,8.20161209194699e-06,0.6667109929078014,0.6773492907801418,0.6709663120567376,0.6853575981751922,0.0023118444770008724,5.344624885839437e-06,0.6825767540297024,0.6897701083747595,0.6845105447650628,0.8635093441041717,0.002566840625924809,6.588670798898064e-06,0.8583805562253838,0.8677744956193232,0.8644411622859899,0.7592230720307549,0.002025601627908283,4.1030619549846855e-06,0.755275024955406,0.7634429609400459,0.7590408114077596,0.6292259663343429,0.0006920821373128625,4.789776847875398e-07,0.6278221547603607,0.6303793072700501,0.6292024254798889
77,0.010449664429530207,-0.008984035512946194,0.001392864265453996,0.024528029333047614,0.012752993327789227,0.003444903322770291,0.6743176871526455,0.0017594056385735661,3.0955082010444576e-06,0.671638495185931,0.6783219865744228,0.6740228818143261,0.6673625886524823,0.003151408708577548,9.931376848498408e-06,0.6625000000000001,0.6709663120567376,0.6667331560283688,0.6789676535744288,0.002584667343442985,6.680505276260618e-06,0.6741601139135687,0.682509824011732,0.6788906927770679,0.8625720980807188,0.0028503479561405387,8.124483471074546e-06,0.8569887647473854,0.8663827041413249,0.8633524011110218,0.7557367251726139,0.0021025194267847614,4.420587940007321e-06,0.7530848386924086,0.7585857096667575,0.7546540454018773,0.6289967250823975,0.00042637336353872735,1.8179424513532774e-07,0.6280196249485016,0.6294040501117706,0.6291334360837937
44,0.005275167785234851,0.000638416250308525,0.003763793059797978,0.006266178419015433,0.004385920128680111,0.003344664512368175,0.680865098748678,0.0013440471909349242,1.8064628514600609e-06,0.6787734613597509,0.6832137183334103,0.6808969520080096,0.6639450354609929,0.0021382714087490907,4.57220461747382e-06,0.6603280141843972,0.6667109929078014,0.6645833333333333,0.6805751984429141,0.002557074460755175,6.538629797846367e-06,0.6755480960858535,0.6832627263215498,0.6808449156546319,0.8471970545418822,0.003101637009495232,9.620152138670524e-06,0.8431027784476062,0.8531701185149462,0.8466212969661246,0.7494930462692353,0.0016772004264183314,2.8130012703778328e-06,0.7466911017451658,0.751780172652668,0.7494218371654863,0.6289338916540146,0.0007312034778958734,5.34658526087021e-07,0.6276518642902374,0.6301769256591797,0.6289613306522369
54,0.00797986577181194,-0.0048438324335699804,0.007083070532188307,0.00602343450823232,0.006760742919754506,0.003323596837483909,0.6771348084351188,0.0015416893879769463,2.376806169000731e-06,0.6747621244006783,0.6802627015036894,0.6772331390900324,0.6657313829787234,0.0028890679687281783,8.346713727931162e-06,0.6604166666666667,0.668927304964539,0.6667996453900709,0.6828257457729517,0.002495329101692715,6.226667325754572e-06,0.6777692382660299,0.6859320034320034,0.6837110176007102,0.8469926832426833,0.002693197461837412,7.253312568447479e-06,0.8425948253534461,0.8528220980807187,0.845625128383749,0.7512651869696982,0.002081862077835644,4.334149711130145e-06,0.7477783086328673,0.7545564107082506,0.751681602651572,0.6289206856489181,0.0012131596520679373,1.4717563414055987e-06,0.6269246399402618,0.6306852102279663,0.6290537297725678
67,0.015013422818791852,-0.01092175149884118,0.010717128450919608,0.014557394734859966,0.012511872212159644,0.003110932751554364,0.6729992057065431,0.0012847607540811684,1.6506101952272123e-06,0.6713694739126049,0.6753103296506043,0.6731846801476509,0.6703767730496454,0.002690281507212357,7.2376145880487916e-06,0.6646719858156028,0.6731382978723404,0.6710106382978723,0.6852897215671516,0.0016805689089010739,2.8243118575649463e-06,0.6818982436183099,0.6883116692151248,0.6852783804427867,0.8541776071948485,0.004266853231801085,1.820603650173137e-05,0.8463435191883468,0.8611554314140522,0.8539584617170825,0.755556795729308,0.0022075799471114217,4.873409222888467e-06,0.7510416585552562,0.7589499372856332,0.7554055003378457,0.628787379860878,0.0008020375839433835,6.432642860577399e-07,0.6274902880191803,0.6297162294387817,0.6288575381040573
72,-0.008087248322147838,-0.0120959000613208,-0.0016176788501294087,-0.0074610397256364034,-0.004961334620019203,0.0030033113166802175,0.6722002789774115,0.0023460686072719413,5.504037910026906e-06,0.666984859626627,0.6763721440288488,0.672359166025219,0.6551196808510638,0.002898966669759556,8.404007752376812e-06,0.649822695035461,0.6583333333333334,0.6561613475177306,0.6769264353192221,0.0023104925252010093,5.338375709009736e-06,0.6726919687639502,0.6804139415063215,0.6775543360955372,0.8356398154846432,0.0032852661253226756,1.0792973514192666e-05,0.8289642668953014,0.83960951245434,0.8354428457876735,0.7425179361094277,0.0020363255212183335,4.146621628365117e-06,0.7387099629288552,0.7449529718077574,0.7425254102272072,0.6287199187278747,0.0008160474213129833,6.659333938315697e-07,0.627355307340622,0.6299388527870178,0.6289156764745713
0,0.0011543624161072517,0.0021708302338444025,0.004666815784326944,0.00882355671158422,0.004350901369679605,0.002965966495259417,0.681907800269307,0.0014230842159871813,2.0251686857918504e-06,0.6794080198328258,0.6843085088365758,0.681998490674975,0.6612234042553191,0.003038905714273511,9.234947940244199e-06,0.6539893617021277,0.664627659574468,0.660372340425532,0.6811874688537359,0.0026625647993846575,7.089251310922262e-06,0.6751689246559287,0.6851830764116135,0.6809972506700133,0.8493501661174075,0.0026631284382219646,7.09225307846656e-06,0.8444495797944074,0.852064522323143,0.8490342192928401,0.7494669145644455,0.0018787785277851617,3.5298087564665797e-06,0.7455234524556492,0.7521372018309743,0.7497784924790978,0.6286965095996857,0.0005005323471958181,2.50532630589355e-07,0.6277879357337952,0.6294549882411957,0.6288065314292908
83,0.014342281879194547,-0.003854602469268872,0.015679426331066372,-0.00010394445263613366,0.008140730148216565,0.002912775275483938,0.6778079108729134,0.0015709199870850897,2.4677896058234187e-06,0.6754999989733542,0.680379464704306,0.6774958008601435,0.6699335106382979,0.004042934709662771,1.6345321066595992e-05,0.6625443262411348,0.6794769503546099,0.6699246453900709,0.6886542749489974,0.0035771664136944143,1.2796119551263357e-05,0.6812503313399514,0.6961675534987156,0.688340916643271,0.8418339116183944,0.0031024148810396197,9.624978094096077e-06,0.8365792094240371,0.8472244549830756,0.8429062731648937,0.7522949612934364,0.0026188788631211746,6.858526499702856e-06,0.7482966982166068,0.758843491805641,0.7521162443712466,0.6286631673574449,0.0006743268608702168,4.5471671529108073e-07,0.6276667058467865,0.6294331431388855,0.6287170827388764
28,0.004979865771811929,-0.004277047609436288,0.006317877394995957,0.005031118362220317,0.005319753101000286,0.0029092484653129155,0.6775204662301684,0.0020722215404659627,4.294102112771128e-06,0.6747791638574833,0.6815252246398071,0.6768610741871446,0.66375,0.0010389374991821737,1.0793911272069093e-06,0.6624556737588653,0.6646276595744681,0.6645833333333333,0.6823069270281509,0.001335420011493924,1.7833466070984323e-06,0.6802686256277305,0.6841535601376649,0.6825448999978658,0.8461572310192998,0.00246479735487169,6.07522600058248e-06,0.8430101858550134,0.8516465494913771,0.8466549669997945,0.750189891281799,0.0006880042540651233,4.733498536117067e-07,0.7491728082566208,0.7512783210605717,0.7499914642531977,0.62866095662117,0.0006170969900379472,3.8080869511389423e-07,0.6278175294399262,0.6297520697116852,0.6285915493965148
69,0.015999999999999945,-0.0005345214709394571,0.0037794156443066973,0.029288064699885683,0.015406733913722333,0.0028365214367046788,0.680066995913094,0.001814931472604482,3.293976250250273e-06,0.6771580245241117,0.6831841613142322,0.6801216703324611,0.6710283687943263,0.0039161023644032076,1.5335857728484394e-05,0.6625443262411348,0.6773936170212765,0.6721187943262412,0.68058579091858,0.0026134951360536926,6.83035682617631e-06,0.6753602434716985,0.6846226066213984,0.681352864667446,0.8665796738382945,0.0035777365692976856,1.2800198959289974e-05,0.859648697407318,0.8701790004376211,0.8668456671042877,0.7577169999613171,0.0027364979232241712,7.488420883810201e-06,0.7516501036014938,0.7616715357619571,0.7582628757398104,0.62861536860466,0.0006329911585202426,4.006778067647989e-07,0.6275357306003571,0.6300208568572998,0.6284797877073288
9,0.014281879194630783,-0.002885133029876809,0.007884549297066603,0.019246099729391862,0.013554043819563738,0.002589671349356268,0.6784675676428973,0.0016546386218953219,2.7378289690676498e-06,0.675787110693876,0.6812070340425189,0.6784287004004903,0.6698936170212766,0.00254741330501195,6.4893145465519045e-06,0.6667109929078014,0.6730939716312057,0.6698803191489362,0.6833691670172986,0.0016371312661979558,2.680198782762922e-06,0.6806970219441496,0.6861282777798172,0.6833524652776428,0.8581251283837492,0.00396118680678829,1.5691000918273608e-05,0.8531251283837491,0.8663827041413248,0.8567236132322339,0.7563344852180939,0.0022063721650915948,4.868078130890971e-06,0.7535681263584255,0.7599059514647918,0.7562118356632932,0.6284606337547303,0.000704442675018868,4.962394823877384e-07,0.6270466923713685,0.6295288562774658,0.6286500483751297
80,0.01014093959731515,-0.002261376486389483,0.009326752064238593,0.004974991805374186,0.007258059070818385,0.0025354721978521192,0.6788919907448686,0.0019081128508688365,3.6408946516507986e-06,0.6764205386961473,0.6821816780903507,0.6788662465794626,0.6671586879432623,0.0029851312841334045,8.91100878351195e-06,0.6624556737588653,0.6710106382978723,0.6667553191489362,0.6843470140379317,0.0023949512643319064,5.735791558524996e-06,0.6803521999990956,0.687538136485118,0.6833232452336413,0.8461099768685976,0.0034180561336483225,1.1683107732770919e-05,0.8388911216497423,0.8502547580133786,0.8464710879797087,0.7516362943195225,0.002110712571038308,4.455107557539144e-06,0.748473935529145,0.7547866106717073,0.7515407283294646,0.6284266597032547,0.0006372236488000558,4.060539785900569e-07,0.627267849445343,0.6294208228588104,0.6284808397293091
39,0.003449664429529957,-0.0026423701074582404,0.002093867082513693,0.0060017837234047,0.00413121755125032,0.002137408579249758,0.6786327509883103,0.0014130656656281026,1.9967545753769925e-06,0.6761558502372012,0.6807623783327659,0.6783201254837175,0.6627393617021275,0.004297323347541103,1.846698795332187e-05,0.6540336879432624,0.6710549645390069,0.6625443262411348,0.6794429497891639,0.0030411888912640797,9.248829872348043e-06,0.6737687549315458,0.6850364823743036,0.6795529813867849,0.8469744549830758,0.003686374845852232,1.3589359504132069e-05,0.8388911216497423,0.8527547580133786,0.8475653640739849,0.7493029820650039,0.0029433110466541373,8.663079917356273e-06,0.7429729862940169,0.7539024371996238,0.7487801149835591,0.6281771385669709,0.000498120455007738,2.481239876971159e-07,0.6271421015262604,0.6289878726005554,0.6282428294420241
89,0.0036644295302010817,-0.0016566943217842653,0.008474669162469098,0.001991699825287591,0.004527559136476435,0.0020323602229203753,0.6793034350538512,0.002257808801726703,5.09770058515457e-06,0.6737338955087434,0.6817687556818544,0.6797480521286633,0.6628812056737587,0.0024624174500283915,6.063499698204325e-06,0.6582446808510639,0.6667109929078013,0.6624778368794326,0.6837692820117607,0.0017005953561148996,2.8920245652395617e-06,0.6811336813002671,0.686796226800022,0.6834350852850916,0.8435982794344865,0.0038314735615126894,1.4680189652570732e-05,0.8368346372656719,0.8490342192928401,0.8445772937152247,0.7495987401557149,0.0018252005615290003,3.3313570898057783e-06,0.7462217340826914,0.7531267060264786,0.749848379407903,0.6281112903356553,0.0007468866799693178,5.578397127155902e-07,0.6265510201454163,0.6293139636516571,0.6282835185527802
86,0.010510067114093972,-0.0016350958038141574,0.008158615155553576,0.00872823120195255,0.0077558144049370255,0.0020278663688173665,0.6793181313485683,0.0011459986976073441,1.3133130149177288e-06,0.6776822528673992,0.6814857043821514,0.6792261741526449,0.6674024822695036,0.0016697760342112911,2.788152004426387e-06,0.6646276595744681,0.6710549645390071,0.6667553191489362,0.6835549900439069,0.0015915164136014461,2.532924494762809e-06,0.6812724035827279,0.6865385592649524,0.6833379876336533,0.8492699095285301,0.002203490844280211,4.855371900826718e-06,0.8463911216497422,0.853588091346712,0.8494214246800453,0.7520077293966068,0.0009468931335369817,8.966066063394842e-07,0.7508224166072632,0.7539675849145854,0.7518714137745829,0.6281084734201431,0.0006986761198105291,4.881483203934968e-07,0.6269313156604767,0.629506528377533,0.6280980944633483
60,0.020510067114093894,-0.002203526046552817,0.025742576419785935,-0.010428645229454818,0.008747331969104311,0.0019117145985315782,0.6789313539601843,0.001497721480889531,2.2431696343179297e-06,0.6764590633439573,0.681076332562051,0.6790477549425649,0.6740070921985816,0.0025437392754632275,6.470609501534186e-06,0.6688829787234042,0.6773936170212767,0.6742021276595745,0.6954773247700256,0.00236087497650037,5.573730654665623e-06,0.6915856802075842,0.6993923852379735,0.6954602477590281,0.83314132483098,0.0054706569640643205,2.9928087618465447e-05,0.8221826576998991,0.8397244549830756,0.8336949066259411,0.7527476198159209,0.0023470760938513026,5.508766190328289e-06,0.7474987121288277,0.756863328559523,0.7526593986381859,0.6280356651544572,0.0005794925633383888,3.358116309644965e-07,0.627245956659317,0.6293601989746094,0.627974233031273
93,0.014738255033556965,-0.005021685734691294,0.014395144476441272,-0.0005698845114676238,0.007502622014233514,0.0018397682415731869,0.6770137915888093,0.001732160198855378,3.000378954498703e-06,0.6746621807081008,0.6801309255600859,0.6775113936804369,0.6701950354609929,0.0052993573877312085,2.8083188722901336e-05,0.6582890070921986,0.6795212765957447,0.6699911347517731,0.687783501980186,0.004988297857367578,2.488311551381797e-05,0.6762038645624984,0.6975271523864874,0.6876353895496023,0.8414416267002475,0.0032119517986791504,1.031663435703823e-05,0.8358608186194394,0.845625128383749,0.8418414583500791,0.7518187921241923,0.003569389198522496,1.2740539250529064e-05,0.7446079439615436,0.7586326924709278,0.7514095741232311,0.6279905664920806,0.0006247348285883162,3.902936060512728e-07,0.6268532574176788,0.6291176557540894,0.6281362324953079
101,0.014999999999999887,-0.0050079987122596745,0.01988316286866914,-0.005944105756817428,0.0069190725599476074,0.0018314623136027569,0.6770231046590733,0.0014967255549087413,2.2401873867168795e-06,0.6754704783344323,0.6804528947155887,0.6767531334505246,0.6703679078014184,0.005290936187519708,2.799400574040558e-05,0.6625,0.67947695035461,0.6710328014184397,0.6915045060970643,0.004620974885328307,2.135340889083496e-05,0.6842598632227115,0.6993794216119797,0.692201226113266,0.8369169546928168,0.004584797257638554,2.1020365893650006e-05,0.8306335458921665,0.844564522323143,0.8377168792254999,0.7513833357429585,0.003924481030236605,1.5401551356686968e-05,0.7457309753271806,0.7578603697505375,0.7518291900723373,0.6279853600263595,0.0010567995445786142,1.1168252774215663e-06,0.6254451394081115,0.6290182888507843,0.6283785969018936
103,0.006288590604026709,-0.005627734418190242,0.0037355701929345413,0.006550120877360507,0.005281654262775025,0.0016714949903743896,0.6766014174584183,0.0009310599248655936,8.668725836907249e-07,0.6747420303840623,0.6780796986466577,0.6765619546571351,0.6646143617021276,0.0021366029899475975,4.565072336653013e-06,0.6603280141843972,0.6667553191489362,0.664627659574468,0.6805560626827393,0.0024058427098746942,5.788079144657213e-06,0.6756868427456663,0.6844591183751401,0.6809367555910597,0.8474361117809392,0.003087783262725059,9.534405477565009e-06,0.842639815484643,0.8520337548785826,0.8483412261429504,0.7501614611597229,0.0011723319929521992,1.374362301699275e-06,0.7485419879380262,0.7522392782825347,0.7501227532903085,0.6278850865364074,0.0005587236613240459,3.121721297233471e-07,0.6266456484794617,0.6285874664783477,0.627953651547432
38,0.009912751677852228,-0.004615333101360008,0.0020609098395577177,0.021415660062523045,0.010625324783155683,0.0016685872024254779,0.6772902863958512,0.001799926006306818,3.2397336281796113e-06,0.6746754151910581,0.6800576252153496,0.6772731292038413,0.6670079787234042,0.0024053307091502587,5.785615820381286e-06,0.6625443262411348,0.6710549645390071,0.6667996453900709,0.6794206040118804,0.0016425412099944586,2.6979416265300606e-06,0.6772784948110026,0.6824518256093334,0.6794041381705721,0.8599517277103483,0.0028234310838764066,7.971763085399501e-06,0.8554820307406514,0.8638153640739847,0.859648697407318,0.7541490159594418,0.0018052566643668951,3.2589516242410884e-06,0.7510454840565396,0.7568899643591522,0.7543412236495857,0.6278832638263702,0.0005554539224760981,3.085290599940832e-07,0.6270940780639649,0.628779536485672,0.627757528424263
61,0.006369127516778507,0.00036315545007614686,0.00022340364694672783,0.02238746312418377,0.009535505618357257,0.0016211953936048366,0.6806778028494918,0.0015675401503180827,2.457182122859237e-06,0.6777998256967137,0.6827102500763373,0.6811806382123704,0.6646675531914894,0.002506252084957653,6.281299513354582e-06,0.6625443262411348,0.6710106382978724,0.6646719858156029,0.678174732074356,0.0017901054684575557,3.2044775882016447e-06,0.6749908548338961,0.6815626660554751,0.6781328965227644,0.8607699095285302,0.0031353672029276426,9.830527497194309e-06,0.856618394377015,0.8663827041413248,0.8603220980807187,0.7533357709016032,0.0018349462329950985,3.3670276779829026e-06,0.7510856672845574,0.7579014462296423,0.7529434908107562,0.6278535568714141,0.0005762031854707099,3.320101109465933e-07,0.6270060837268829,0.6288744628429412,0.6277655988931656
55,0.0024429530201341663,-0.0027787259844407252,0.011862987632513906,-0.018358520978772462,-0.0024762051445950117,0.0016112796275055804,0.6785399702633862,0.002826209190525334,7.987458388609862e-06,0.6736081369657688,0.6829195054748454,0.6777949386537003,0.6620744680851064,0.003127008182276387,9.778180172023473e-06,0.6561170212765959,0.6667553191489362,0.6625000000000001,0.6860666407440468,0.002578778658912627,6.650099371663207e-06,0.6809398252999697,0.6886647363582848,0.6870553726143471,0.8264649925425788,0.0038614343852965247,1.491067551195035e-05,0.8221852700300977,0.8328305155891362,0.8263519366967642,0.7443723898841984,0.002417340379350231,5.843534509637118e-06,0.7401524809233678,0.7480651971105007,0.7442691594733188,0.6278473412990568,0.0010267483868603331,1.054212249920296e-06,0.6261542439460754,0.6294124186038971,0.6278879940509796
47,0.01410067114093949,-0.006463739991230434,0.012306674706417902,-9.89454656933658e-05,0.006917566072138007,0.0015742257750556946,0.6760325736005386,0.0011590511329519833,1.3433995287972762e-06,0.6743935147207042,0.6778169108733147,0.6755779852295887,0.6697739361702127,0.0038283325029680924,1.4656129753281939e-05,0.6646719858156028,0.6774379432624114,0.668927304964539,0.6863674708999625,0.0038210842692450887,1.4600684992672274e-05,0.6807672826711679,0.6933862532154753,0.6862140196171298,0.8418381203726032,0.002747507598885889,7.548798005935704e-06,0.8382177209763417,0.846088091346712,0.8419664148112425,0.7513822115713478,0.0025352866796445107,6.427678547982887e-06,0.7480356526686,0.7567133145725573,0.7506619733506812,0.627824114561081,0.0005836597703293382,3.4065872750089587e-07,0.6266809046268463,0.6286594569683075,0.6278188467025757
81,0.021442953020134124,-0.00033416924893137534,0.020740432034299837,-0.002825082662293541,0.010353563463042292,0.0014341403806120254,0.6802033217159082,0.002140546536805355,4.5819394762294e-06,0.6772507906114816,0.6840145874881081,0.679590113871962,0.6746232269503546,0.005025870602629023,2.5259375314370623e-05,0.664627659574468,0.681604609929078,0.6731382978723406,0.6920857545307616,0.003419354851481132,1.1691987600347555e-05,0.6863229097625383,0.6988114597587048,0.6917240480200457,0.8395429270601683,0.005826022912816429,3.3942542980662035e-05,0.8302547580133787,0.8482850610436816,0.8391899431985639,0.7539462221771038,0.0040682902412171726,1.6550985486782883e-05,0.7472369637141727,0.7592669933846403,0.7528943943100007,0.627736303806305,0.000814219702129931,6.629537233365536e-07,0.6266663670539856,0.629474675655365,0.6275626748800278
37,0.015355704697986573,-0.005483003337986229,0.014891856507008827,-0.0013143543324376783,0.007715607280587522,0.0014042190714594074,0.6766998969287392,0.00172022970934813,2.9591902529239518e-06,0.6739394417771314,0.6799039865865092,0.6764036836822549,0.6706028368794327,0.0039020589218753633,1.5226063829787121e-05,0.6625000000000001,0.6774379432624114,0.6699689716312057,0.688120284290038,0.0033879905226133385,1.1478479781317803e-05,0.6817830603360518,0.6943088936914943,0.6876461893195639,0.8408148416079451,0.0029635149755737732,8.782421010450022e-06,0.8354428457876735,0.8463911216497422,0.8409169837187078,0.7519777260288708,0.002683115755084595,7.199110155183176e-06,0.7464593988157098,0.7558839746388084,0.7516315522239789,0.6277175480127334,0.0005293189141971165,2.8017851292681446e-07,0.626826000213623,0.6285285115242004,0.627784812450409
58,0.017919463087248268,0.0008273842771473759,0.006938086214401697,0.027110505987645913,0.015860552757398817,0.0011904510150234843,0.6809936783955959,0.0014275644494993113,2.0379402574742718e-06,0.6785387047853976,0.6828281464550922,0.6813243909035123,0.6722960992907802,0.003590370807743366,1.2890762537095751e-05,0.6667553191489362,0.6795212765957447,0.6720744680851065,0.6827274430332724,0.0021791491096046995,4.748690841890954e-06,0.6792250535284592,0.6874610512493168,0.6828789279340514,0.8647463405049611,0.0035034782372962317,1.227435975920831e-05,0.8604820307406514,0.8701790004376211,0.8651790004376212,0.758055648742413,0.0024925728455563374,6.212919390404816e-06,0.7541735377108425,0.7630622722775787,0.7577442579161302,0.6275835502147674,0.0004475202930956631,2.0027441273242822e-07,0.6269826710224151,0.6284276425838471,0.6274499952793121
41,0.015651006711409496,-0.0006776859131068605,0.0033304012466059056,0.0325723991212392,0.016884959588082397,0.001184233217313196,0.6799695824313902,0.002040105858317315,4.16203191314063e-06,0.6769937655779936,0.6839036874709938,0.6801541824044084,0.6707978723404256,0.004504287717459655,2.028860784165791e-05,0.6625,0.6795212765957447,0.6710106382978724,0.6802813487132207,0.002648841788690913,7.016362821515274e-06,0.675319955072277,0.6848843840658384,0.6805808884745501,0.8693448253534461,0.004087603883651397,1.6708505509641986e-05,0.8630493708079914,0.8766099768685975,0.8688827041413247,0.7588200817962433,0.0030711253201426195,9.431810732021107e-06,0.7535374833635038,0.7647756474425587,0.7589993574037885,0.6275796526670455,0.0007777741733007417,6.049326646536522e-07,0.6259736657142639,0.6285949349403381,0.6278333634138107
16,0.012765100671140945,-0.001278155507328765,0.016364085738677633,-0.0018758267555328417,0.007628438266103118,0.0011785517153528606,0.6795610044846254,0.0010778686665538684,1.1618008623386141e-06,0.6775485397029405,0.6811585741279442,0.6795425170154121,0.6688918439716313,0.005918467868321534,3.502826190835444e-05,0.6582890070921986,0.6794769503546099,0.6688829787234043,0.6891184899519918,0.004745070570563793,2.25156947196306e-05,0.6805755101004081,0.6964591274506601,0.6898707289946062,0.8403421259455742,0.005148352414270714,2.6505532581527092e-05,0.8326679705990051,0.8497917950504157,0.8403250006698283,0.7519126787508307,0.004243725563334473,1.8009206656898493e-05,0.7451224540726188,0.7599685780637273,0.7517179233725678,0.6275760912895202,0.000739946785257031,5.475212450122147e-07,0.6261149346828461,0.6285271048545837,0.627811536192894
71,0.009234899328859023,-0.002212975253032227,-0.000986052525718596,0.029738283806676796,0.012936206383912153,0.0011705301002002159,0.6789249244299982,0.0017878420437985336,3.1963791735737176e-06,0.6764375861852215,0.6821550739004604,0.6787733723802132,0.6665602836879433,0.002218899199209992,4.923513656254743e-06,0.6625443262411348,0.6710106382978724,0.6667553191489362,0.6773546926582992,0.0017567301113570078,3.0861006841484048e-06,0.6738201872317852,0.6803051792252328,0.6774915065324967,0.8669587229501022,0.00292114291597529,8.533075935552618e-06,0.8630493708079914,0.8731643133367271,0.8663827041413248,0.7558734424530914,0.0014072924797596657,1.980472123588109e-06,0.7531688626367645,0.7586135822364136,0.7559421144987877,0.627571063041687,0.0008075023820762964,6.52060097058893e-07,0.6264543414115906,0.6289366364479065,0.6274506956338882
27,0.01889932885906046,-0.0008105850280558528,0.008447166990371445,0.030063907473392628,0.016809903067744995,0.0011545058874746395,0.6798791537934787,0.0014124570568433113,1.995034937426469e-06,0.6783317330283001,0.6832757415563715,0.6796420189260304,0.6729432624113476,0.0024104021405047457,5.8100384789498605e-06,0.668927304964539,0.6773936170212767,0.6731382978723405,0.6837506348993998,0.002032568033006697,4.131332808800714e-06,0.6799925758356171,0.6870297646458637,0.6838524287439335,0.8672328724914932,0.0031707760940611696,1.0053821038669806e-05,0.859648697407318,0.8698759701345908,0.8680241182827391,0.758764073105816,0.001874230963693546,3.512741705267638e-06,0.7557998722109047,0.7619336002289232,0.7590021280307993,0.6275610184669494,0.0006046000842714987,3.6554126190110335e-07,0.6264848470687866,0.6283104240894317,0.6277426272630692
51,0.008630872483221547,-0.004488257323099539,0.005009693196891427,0.008033372016917707,0.006603295661851367,0.0010014885387783334,0.677376752656699,0.0020092073222474907,4.036914063772931e-06,0.6744715528919933,0.6811787550291001,0.6770568635037228,0.6661613475177306,0.0023404255319148934,5.4775916704391116e-06,0.6625443262411347,0.6710549645390071,0.665735815602837,0.6814199477145109,0.002074911213541791,4.3052565440814685e-06,0.6786385436389037,0.6863932240360259,0.6807552486393296,0.8486848926935135,0.002533323941372378,6.4177301919304804e-06,0.8452547580133787,0.853125128383749,0.8494214246800453,0.7511476966479129,0.0017699265809876386,3.132640102086592e-06,0.7483098528425819,0.754101597665856,0.7512248732693947,0.6274651014804841,0.0006861523434275449,4.708050383911115e-07,0.6261022567749024,0.628503429889679,0.6275051891803741
25,-0.00392617449664434,-0.004364942241446476,-0.0022335514835691785,0.00034937747363660015,-0.0012884558335264555,0.000946384150476353,0.6774606600241191,0.001850122512517685,3.422953311324752e-06,0.6742510706434993,0.6796490010999117,0.6778239425001567,0.6578679078014185,0.0022841781292448275,5.217469726120399e-06,0.6540780141843971,0.6625443262411348,0.6582890070921985,0.6765088593490418,0.0018957508146104605,3.593871151096225e-06,0.6731060594859127,0.6795199971742407,0.676664171468033,0.8422155730604006,0.0030961037750466946,9.585858585858394e-06,0.8343064821513098,0.8448367851816128,0.8430186033634309,0.7452587123938199,0.001683691097259519,2.834815710990963e-06,0.7425590044235109,0.7481523419036409,0.7454026259023425,0.6274305599927902,0.0007536776184651818,5.68029952575348e-07,0.6264042675495147,0.6289731681346893,0.6274626135826111
99,0.012744966442952912,0.0006198134765744129,0.009134406664261852,0.016126111313251038,0.010645824579774636,0.0009397955099604273,0.6808524408503105,0.0017202824834218562,2.959371822768069e-06,0.678952216972738,0.6842920829576675,0.6804696886594541,0.6688785460992908,0.004043974589137734,1.6353730477591705e-05,0.6624556737588654,0.6752659574468085,0.6699468085106384,0.6842165993829463,0.0032101552154560472,1.030509650731966e-05,0.6785281032931679,0.6890161798985329,0.6851983826287232,0.8554983432914467,0.0031927205593970612,1.0193464570396684e-05,0.8494664148112424,0.8603220980807187,0.8564332091918299,0.7541643133214497,0.0031560074912667054,9.960383284931564e-06,0.7489702465724657,0.7587168853967802,0.7546813352369443,0.6274264299869537,0.0006179556971105684,3.818692435914085e-07,0.6263219833374023,0.6285783648490906,0.6273435920476913
10,0.018885906040268328,0.0022071803917533624,0.004716256717971445,0.032617390003723455,0.017123559009634828,0.0009330499744110746,0.6819325340327247,0.0011079171188345881,1.227480342206735e-06,0.6803052527943667,0.6836768184037563,0.6820699791805738,0.6729343971631205,0.0030673758865248204,9.408794829233928e-06,0.6688829787234043,0.6773936170212767,0.6720966312056739,0.6812209909567037,0.002483017648655281,6.1653766435336015e-06,0.6780775256317052,0.6852537667200508,0.6803500262080842,0.8693827041413249,0.0023067266102252044,5.320987654321062e-06,0.8660123337709544,0.8738827041413249,0.8701790004376211,0.7589981295005306,0.0020447755163699112,4.181106912345838e-06,0.7557895047638319,0.7614876358232805,0.7593188105860327,0.6274222016334533,0.00036234534324409995,1.312941477706846e-07,0.6265853345394135,0.627848333120346,0.6275668740272522
15,0.01698657718120787,0.00033434648194362136,0.01647491149254162,0.005738388825182309,0.011580735244274888,0.0009322036921108484,0.680658200343118,0.0023479357260934655,5.51280217386605e-06,0.6776366372552103,0.6850974929530413,0.6799820934384443,0.671679964539007,0.0036783543037661056,1.3530290384034632e-05,0.6646719858156029,0.6795212765957446,0.6720966312056738,0.6891936323908305,0.0026912219895712758,7.242675797151975e-06,0.6848314888272049,0.6937850447045223,0.6897120939996328,0.8467526971751109,0.004060333524473048,1.648630832995972e-05,0.8391915396225741,0.8564558493868839,0.8459718426528771,0.7548619625296705,0.0029949999670249782,8.970024802479622e-06,0.7490459232103068,0.7616823432182365,0.7547159223402246,0.6274216711521149,0.0007061570687177342,4.986578057000228e-07,0.626419723033905,0.6282710671424866,0.6275648742914199
74,0.02045637583892603,0.007912124673792988,0.009264033850557471,0.03093473099881071,0.01857842876419507,0.0009213693769080326,0.6858143532681906,0.0013142533628162307,1.7272619016737706e-06,0.6836699201781549,0.6880314793228741,0.6859413241857267,0.6739716312056737,0.003040844756669317,9.246736834163279e-06,0.6688386524822695,0.67947695035461,0.6741799645390072,0.6843044896302801,0.002254326778200793,5.081989222913167e-06,0.6806910127591179,0.6890107037785056,0.6844341940470006,0.8679660374746581,0.002185563389111301,4.776687327823677e-06,0.8633524011110218,0.8705493708079916,0.8684660374746581,0.7600837826766829,0.001965471968894479,3.86308006050994e-06,0.7574164775735301,0.7638053296222407,0.7599786140611895,0.6274148797988891,0.000771836782935581,5.957320194923472e-07,0.6259927153587341,0.6285131096839904,0.6275560259819031
79,0.01887248322147653,0.000247434339689334,0.015248004423818682,0.014260110152743533,0.013660290879997159,0.0009000459155757275,0.6805990626532618,0.0021937887307363186,4.8127089951056684e-06,0.676064675187724,0.6846144360519801,0.6805735628936942,0.6729255319148937,0.0032197331809407643,1.0366681756450934e-05,0.6667553191489362,0.6773936170212767,0.6731382978723405,0.6883617608613527,0.002204703425877146,4.8607171960744246e-06,0.685330311791407,0.6923604731812667,0.6884062715301409,0.8539273169359376,0.004793197229486651,2.2974739680758508e-05,0.8433608186194392,0.8614584617170824,0.8545729398315605,0.7564137689190952,0.0029484680599490432,8.693463900539674e-06,0.7505020888399219,0.7609927554958265,0.7565287187531887,0.6274015134572982,0.0008392453608666773,7.043327757362394e-07,0.6258884787559509,0.6289959132671357,0.6273765742778779
8,0.011174496644295378,-0.0033953027522603003,0.014819436584741235,5.740216041087322e-05,0.006759884458527729,0.0008505393518834884,0.6781204325012036,0.0013721989662906237,1.8829300030890563e-06,0.6758025059297218,0.6806629242109389,0.6781420900982399,0.6678413120567377,0.003190150058816461,1.0177057397766669e-05,0.6625443262411348,0.6731826241134751,0.6678413120567377,0.6880711818983107,0.0016960741620609089,2.876667563210614e-06,0.6851183343348557,0.6900751998502945,0.6881670895574035,0.8419697527887182,0.004709753335954434,2.218177648553392e-05,0.8324125427573703,0.848700421545249,0.8432079973028248,0.7512645463686035,0.00251671020763996,6.333830269239171e-06,0.7463787390229983,0.7554298723581874,0.7519589208324842,0.6273704808950425,0.0006608857755045754,4.367700082642841e-07,0.6264961123466491,0.628928804397583,0.6273477226495743
57,0.013463087248322016,-0.004355689334410026,0.01674448528625893,0.0018250094675774163,0.008965361050032369,0.0005898130874458613,0.6774669559861377,0.0014828872771469254,2.1989546767242224e-06,0.6751736279628675,0.6800337518227103,0.6778463542435784,0.6693528368794326,0.0018600338692261113,3.4597259946682583e-06,0.666755319148936,0.671054964539007,0.6700132978723403,0.6893764096930431,0.0017655886833695407,3.1173033988425878e-06,0.6862865694953981,0.6920529997968454,0.6897299002167424,0.8434579392510427,0.002192739675895115,4.808107286244614e-06,0.8398675526261734,0.8462311889898096,0.8430493708079916,0.7529103175168396,0.0014482339943773673,2.0973817024702243e-06,0.7505629135195429,0.7545564052158902,0.7532947323876005,0.6272070479393006,0.0004841650505606103,2.3441579618435828e-07,0.6263028740882873,0.6277339398860932,0.6273283272981645
56,0.005120805369127491,-0.0007716318407907973,0.0004301345226427484,0.007180544844493089,0.004568061852037404,0.0005815062085962864,0.6799056587379853,0.0010169107903558671,1.0341075555421944e-06,0.67780710904603,0.6815534994979005,0.6798728967580387,0.663843085106383,0.00426997927196358,1.8232722982998624e-05,0.6583333333333334,0.6710549645390071,0.6625664893617021,0.6783149004164738,0.003105401237871396,9.6435168481732e-06,0.6742330356783341,0.6843930695949413,0.6777882778403671,0.8479668792255,0.004505226023667844,2.0297061524333973e-05,0.8410880913467121,0.8546486974073181,0.847148697407318,0.7496289640995791,0.0029136824912842116,8.48954566001617e-06,0.7457399213493104,0.7545047190343939,0.749244834325846,0.627201840877533,0.00041141876781872595,1.6926540251347873e-07,0.6264268398284912,0.6278121650218964,0.6272962212562561
63,0.010496644295302004,0.0051344579750448125,0.0001756991111655008,0.026904547725606857,0.01231592807243881,0.0003533418442641807,0.6839243435699611,0.001973024521189217,3.892825761213939e-06,0.6810614616008059,0.6881754849764595,0.6840437174810658,0.6673936170212766,0.002138271408749141,4.572204617474037e-06,0.6646276595744681,0.6710106382978724,0.6678191489361702,0.6781423872895267,0.0015282108904557516,2.335428525707561e-06,0.6760758710928437,0.6811927345460358,0.6781795119962278,0.8645729398315606,0.0024780950354235808,6.140955004590998e-06,0.8596486974073182,0.8668456671042877,0.8653305155891362,0.7554105782572837,0.001556750789674617,2.423473021152543e-06,0.7529501837146046,0.7577982648860979,0.7558398796066577,0.627058818936348,0.0005589308084969141,3.1240364868701404e-07,0.6260773360729217,0.6279168248176574,0.6269885212183
98,0.0015436241610736017,-0.00974261987093468,0.0012612331497475376,0.0020559626643300473,0.0024723740095502155,0.0002838440007032758,0.673801523066375,0.0017306577047675026,2.99517609107112e-06,0.6699105725417018,0.6755792361982006,0.6745112664987241,0.6614804964539006,0.003715797701398507,1.3807152557718428e-05,0.6540336879432624,0.6667996453900709,0.6625443262411348,0.6788784046163446,0.002530019668163144,6.4009995212923454e-06,0.6743369373561465,0.6833828653173504,0.679535616370615,0.8436523836954871,0.003924242834410923,1.539968182342547e-05,0.8347694451142728,0.8486554314140522,0.8452071555519831,0.7480651195318517,0.0031298687949211815,9.796078673421369e-06,0.7413356292439707,0.7519187270472176,0.7491192469785977,0.6270152550935746,0.0008164736098633967,6.666291556033661e-07,0.6258828282356262,0.6287231683731079,0.6269362449645997
18,0.017583892617449616,-0.0017159723132938167,0.008075871972487055,0.022640411863484422,0.014749881094340512,0.00025574552657308113,0.6792631004885503,0.0019377059994521598,3.7547045403128933e-06,0.6756226334927333,0.6830047834751732,0.678921718028479,0.6720744680851064,0.003046344907080093,9.280217292892822e-06,0.6688829787234042,0.6773936170212767,0.6720744680851064,0.683498888241247,0.00293136515309497,8.592901660779496e-06,0.6797242407923523,0.6884479484572366,0.6829580809247262,0.8609828724914932,0.0028238231684895275,7.973977286898234e-06,0.8559449937036143,0.8663827041413249,0.8611638489224697,0.7572268431294831,0.002262612747924975,5.119416447072608e-06,0.753710990776879,0.7607199361325986,0.7574271314571128,0.6269976419210435,0.0006174379854962757,3.812296659336991e-07,0.6256320774555206,0.627977478504181,0.6271203726530075
53,0.016550335570469723,-0.002553089225482948,0.010488844796337602,0.016852102120418964,0.012910591819970634,0.00013171762561957405,0.6786935004413948,0.0016684609131156609,2.783761818594745e-06,0.676880095958498,0.6820040275328715,0.6779209066439396,0.6713918439716312,0.003537456222247792,1.2513596524319617e-05,0.6667109929078014,0.6773492907801418,0.6709663120567375,0.6851349399396486,0.00399654143490006,1.5972343440873026e-05,0.6803968387047948,0.6928848481600884,0.683830978079661,0.8561095705061221,0.0017563624983433427,3.084809225586869e-06,0.8524491153801499,0.8589276942725219,0.8558973912422188,0.7558543283484702,0.001992575962790075,3.970358967488794e-06,0.7525840001841573,0.7595292465719163,0.755783424400721,0.6269198966026306,0.0006995359512239576,4.893505470548073e-07,0.6253013730049133,0.6276851415634155,0.6270640134811402
14,0.006999999999999913,-0.0042974482509460675,0.0024335869252319477,0.011571654974960086,0.007401351121537258,0.00012539332946275296,0.6775065850073705,0.0016276686919231974,2.6493053706669724e-06,0.6751340433491637,0.6803620191972615,0.6773573247041752,0.665084219858156,0.004228688556437871,1.7881806907348603e-05,0.6582446808510638,0.6731382978723404,0.6646719858156028,0.6796732877441405,0.002780431410511103,7.730798828556762e-06,0.6748785434853547,0.6846191925758489,0.6799537576180963,0.8516638489224697,0.00391780213304846,1.5349173553719063e-05,0.8449517277103483,0.8585123337709545,0.8507850610436817,0.7517432217399962,0.002876616281892597,8.27492123324959e-06,0.7476444972227319,0.7574750207040294,0.7512403419473981,0.6269159322977067,0.000615088058375417,3.783333195560404e-07,0.6262737154960633,0.6280415832996369,0.6266765773296357
64,0.008496644295301885,0.0008461782473504426,0.008077108744873593,0.005275344731200307,0.006771374125698246,5.818330074968156e-05,0.6810064663899107,0.0019425083380243838,3.7733386432942538e-06,0.6762651563551113,0.6836296012934716,0.6812183139134369,0.666072695035461,0.0016561887707638116,2.742961244404145e-06,0.6645833333333333,0.6688386524822695,0.6656471631205674,0.6834997268016915,0.0015644556359688795,2.447521436914791e-06,0.6806285824761806,0.6858883810059679,0.68363295890568,0.8463628504318159,0.0035337977799005343,1.2487726749229946e-05,0.83960951245434,0.8502547580133786,0.8467265158213433,0.7512731201901552,0.0012451277021772018,1.5503429947290786e-06,0.7498159815882253,0.7537445140416228,0.7510199451254054,0.6268738025426865,0.0008906242548156558,7.932115632659421e-07,0.6256751298904419,0.6288792431354523,0.6268239080905915
92,0.012140939597315438,-0.01306164709896843,0.01981866589207301,-0.01943823320685142,0.002709433711364513,4.446401869371544e-05,0.671543155043855,0.001195960620410188,1.4303218055719223e-06,0.6690471628041079,0.6739865604801335,0.6715234025214651,0.6684796099290781,0.0029788058551996244,8.873284322971565e-06,0.6646276595744681,0.6731826241134752,0.6689051418439718,0.6914607756467837,0.002583629372744638,6.675140735708851e-06,0.6879323986202998,0.6955750093907989,0.6920342451346033,0.8255559596852701,0.003457537799275659,1.1954567633419966e-05,0.821048906393734,0.8343064821513098,0.8247976002286347,0.7482420182661925,0.0021434192615091626,4.594246130608484e-06,0.7447607008409866,0.7526302187930939,0.7482165796276824,0.6268652027845383,0.0005425168717037401,2.9432455608321237e-07,0.6260293304920197,0.6278481602668762,0.626930758357048
84,0.020382550335570467,0.0037840882863831348,0.010607042651358525,0.023371263754506984,0.016641494258039156,-7.600409479623609e-06,0.6830055105764576,0.0011118033631471957,1.2361067183054152e-06,0.6804962876692087,0.6842693373437927,0.6833403063981296,0.6739228723404256,0.0034462362578765843,1.1876544345103202e-05,0.6667109929078014,0.6773049645390071,0.6751773049645391,0.685215080834541,0.0027295587980962896,7.45049123226486e-06,0.6794725660116993,0.6889386536874644,0.6859067806560157,0.861598192356813,0.0035356445286687664,1.2500782233105385e-05,0.8551790004376212,0.8663827041413249,0.8628641856228063,0.7586384030528259,0.00286090108752486,8.184755032600926e-06,0.7527634718634575,0.7618597937336459,0.7594108060476334,0.626832566857338,0.0006819436555731446,4.6504714937646367e-07,0.6259032785892487,0.6282304584980011,0.6266332954168319
104,0.016953020134228208,0.003925635837207518,0.0125585264919113,0.018961157473657918,0.014259250853686938,-2.13596284531281e-05,0.683101823875652,0.0008738570000965488,7.636260566177397e-07,0.6813651945984217,0.684369761124821,0.6834235283546704,0.6716578014184398,0.0021356969939147325,4.5612016498164246e-06,0.6688829787234043,0.6752659574468086,0.6720744680851064,0.6865382322683995,0.0018773593994193133,3.5244783145880444e-06,0.6839627887305907,0.689364013702609,0.6870326052833793,0.8578852293938501,0.0032377030014774746,1.0482720725776249e-05,0.8535880913467121,0.8614584617170824,0.8578599768685976,0.7568607249409564,0.001892900550221604,3.583072493029251e-06,0.754088470419542,0.7598431492444152,0.757028859422564,0.626823942065239,0.0007000793457484816,4.901110903436221e-07,0.6255104064941406,0.6280731320381164,0.6269167602062226
85,0.006093959731543618,-0.003942058776289222,0.006211111092484181,0.0041041682799559725,0.004832708980044033,-9.388411983694626e-05,0.6777484029166441,0.0015145751153809101,2.2939377801310974e-06,0.675237728306038,0.680448327440925,0.6775504023242332,0.6644858156028369,0.0014806291612497692,2.192262713143195e-06,0.6625886524822695,0.6668439716312057,0.6646719858156029,0.6822345369917485,0.001126418804219194,1.2688193224985988e-06,0.6807904028376164,0.6841311256031495,0.6820590165768186,0.8453768118854326,0.003296206982656629,1.0864980472514318e-05,0.8410880913467119,0.850094825353446,0.845591458350079,0.7498264491281732,0.0015426481754440308,2.379763393200797e-06,0.7472575369449295,0.7519803876236626,0.7496856772650267,0.6267784810066221,0.0003928784698514549,1.5435349207282052e-07,0.6262152314186096,0.6275574743747712,0.626841527223587
35,0.011503355704697963,-0.005331590923623016,0.0009437480389692153,0.02549052393626321,0.01210109110496726,-0.00010382746142644934,0.6768029225839439,0.00143720357536732,2.065554117048608e-06,0.6747719503135545,0.6789311770847565,0.6766942555203067,0.6680585106382979,0.00254744415675874,6.489471731804247e-06,0.6625443262411348,0.6731382978723405,0.6688829787234043,0.6786631423267855,0.001743606708502224,3.0401643539339596e-06,0.6746581091948457,0.6817267023768572,0.6787239298564622,0.8633824429083049,0.0031491568309624934,9.917188745997733e-06,0.8585123337709545,0.8698759701345908,0.8626790004376211,0.7552502625758564,0.001984517212828913,3.938308568014236e-06,0.7511140306975517,0.759512860267656,0.7552837448188503,0.6267722481489182,0.0004380272060911969,1.9186783327605988e-07,0.626040768623352,0.627414220571518,0.6268585205078125
1,-0.012912751677852406,-0.004718181773961892,9.19189599789769e-05,-0.02064705720114002,-0.010177584923054837,-0.0002127183197511125,0.6772203050014833,0.0016501364330862313,2.7229502477985505e-06,0.6740473901896316,0.6801701632036098,0.6770288059324379,0.6519326241134752,0.003925673660205896,1.5410913686434356e-05,0.6455673758865248,0.6582890070921986,0.6508865248226949,0.6780855823983625,0.003287901381747406,1.0810295496096503e-05,0.6738693778328504,0.6844118092234055,0.6765938104505467,0.8245382248658112,0.004711770055162626,2.220077705272721e-05,0.8161246639694916,0.831997182255803,0.8233216336664613,0.7386254648477596,0.002840471141847768,8.068276307669964e-06,0.7340545203588682,0.7426022704367107,0.7375353481402922,0.6267039912939072,0.0005453626223955138,2.974203899061117e-07,0.6261435985565186,0.6277985036373138,0.6266192138195037
50,0.008255033557046829,-0.0026304084829515914,0.0019453159301065547,0.020411553202480826,0.010136095881807413,-0.00031443764873940615,0.6786408900448553,0.0018937356153343444,3.5862345807857477e-06,0.6758825311663965,0.6815777519724627,0.6784404481901092,0.6659131205673758,0.003453978529567367,1.192996768271235e-05,0.6604166666666667,0.6731826241134753,0.6646498226950355,0.67934222865265,0.002764270705519185,7.641192533391531e-06,0.6745914906091242,0.6826456512286401,0.6798894093146906,0.8591063486322106,0.0036659014126541618,1.3438833167299779e-05,0.8528670882119158,0.8654062731648938,0.8598100813618055,0.7537839434785896,0.0023672081824648783,5.603674579128672e-06,0.7495336801911782,0.7581813902180535,0.7532211376008278,0.6266402298212052,0.0007434226643634809,5.526772578892968e-07,0.6255047380924225,0.6279219388961792,0.6265035837888717
23,0.00831543624161076,-0.002961509178657207,0.0034569869008972084,0.010999770868715118,0.007005295975838731,-0.00034228604169536924,0.6784155989664634,0.0025678185564770436,6.593692138987848e-06,0.6749188221668159,0.684950918769956,0.6785685226529603,0.6659530141843972,0.002719222517428604,7.3941710992907565e-06,0.6625443262411348,0.6689273049645391,0.665735815602837,0.6803671767311119,0.0019462155965598953,3.7877551482929894e-06,0.6765090366207192,0.6828260564478482,0.6810670701551256,0.8511823674409881,0.003587104792855975,1.2867320794930307e-05,0.8438153640739847,0.856618394377015,0.8518372495958704,0.7514476773962422,0.0022519013543561396,5.0710597097510166e-06,0.747058005726859,0.7542319304957135,0.7511607859902478,0.6266227734088898,0.001149273485528173,1.3208295445380757e-06,0.6241712868213654,0.6282772302627564,0.6268397986888885
90,0.023664429530201436,-0.004687191052034521,0.013914035360829621,0.025285220713892494,0.01772157143553326,-0.000361715352081417,0.6772413920401206,0.001445920155394995,2.090685095777486e-06,0.6748505936164679,0.6792114465434975,0.6775746797740856,0.676090425531915,0.0035709017374256262,1.2751339218349357e-05,0.6710106382978723,0.6816046099290781,0.6773492907801419,0.6874572988095855,0.002516425333837048,6.332396460776898e-06,0.6831930264374908,0.6917708292427668,0.6871458060725812,0.8632095937268351,0.003925466448041291,1.540928683469791e-05,0.8555270208718484,0.8668456671042877,0.8646571149157356,0.7594443784431044,0.002953975997895721,8.725974196144021e-06,0.7549368875116029,0.7635508835905424,0.7598590677391746,0.6266105943918228,0.0006368085610257916,4.055251433957393e-07,0.6256260693073272,0.6273994386196137,0.6267766267061233
45,0.0015704697986577024,-0.0023184160018258153,0.000681600867450049,0.006544673705381535,0.0033187960746757592,-0.0004274667324251043,0.6788531793074108,0.0017200265023229002,2.95849116869315e-06,0.6757845572622283,0.6818026980122127,0.6790908125201272,0.6614982269503547,0.0033134688016066014,1.0979075499220287e-05,0.6561613475177305,0.6667996453900709,0.6615248226950354,0.6784854004471605,0.0024157493008167253,5.835844684396497e-06,0.675288634858266,0.6827270507843264,0.6778972912140803,0.8474315256901462,0.002230046296768951,4.973106485732912e-06,0.8433608186194392,0.8503978556564764,0.8468793371379577,0.7486967367611526,0.00236604673948139,5.598177173410516e-06,0.7449076895192985,0.7526400132145017,0.7485472177915753,0.6265693789720534,0.0008861117495178904,7.851940326336566e-07,0.625023365020752,0.6277759373188019,0.6264556497335434
11,0.0018322147651006248,-0.000852832523650658,0.0041150051320198045,0.00459051799582254,0.0035450832886983388,-0.0004409387859437426,0.679850407300447,0.0016628362497348472,2.7650243934322507e-06,0.6772677356572541,0.6833051628070479,0.6798362698437661,0.6616710992907802,0.0026972836425910554,7.275339048589271e-06,0.6582446808510638,0.6666666666666667,0.6625000000000001,0.6808133283967943,0.002251834125278524,5.070756927768895e-06,0.6779435905361566,0.6857019796588879,0.6804936566240973,0.8457862801311077,0.0034124288434840837,1.1644670611842122e-05,0.8405859434307711,0.8538435191883467,0.845362879457707,0.7488655968476697,0.0019990815574481226,3.996327073329211e-06,0.7456359011413352,0.7520583293095094,0.7485742323847997,0.6265609341859817,0.0008342172986698688,6.959185014000531e-07,0.6249499797821045,0.6278284311294555,0.6264884740114212
6,0.004832214765100636,-0.002262879410903352,0.005651933459762385,-0.0011977572714707218,0.002502507455676626,-0.0005095047680951828,0.6788909681088885,0.0009511231973596538,9.046353365556509e-07,0.6771775407628712,0.6802561831849577,0.678900733761185,0.6636524822695036,0.0042818322973400165,1.8334087822544085e-05,0.6562056737588653,0.6689716312056738,0.6647163120567376,0.6818554015507357,0.003469052062925442,1.2034322215287264e-05,0.6757213078904256,0.6870113569860672,0.6821593958841501,0.8409130071716279,0.004485948882202923,2.012373737373765e-05,0.8342614920201127,0.8486554314140522,0.8410417950504158,0.748087605717569,0.003112052502846671,9.684870780474229e-06,0.7424787125436294,0.7513872549815835,0.7492874385463808,0.6265179544687272,0.0007298995492429163,5.327533519850125e-07,0.6252961397171021,0.6274793922901154,0.6265940696001053
42,0.019953020134228217,-0.0029719078385615563,0.017097154281967248,0.0014100590755612879,0.010148314254573665,-0.0006129309248689791,0.678408523399018,0.0011409122069865063,1.3016806640508206e-06,0.6763890039235914,0.6803046147872356,0.6786017394431111,0.6736391843971632,0.0060710139646583524,3.685721055907673e-05,0.6646719858156028,0.6838209219858157,0.67322695035461,0.689615527474934,0.004975717739689211,2.4757767025057913e-05,0.6826619553047573,0.6980158344779488,0.6892663804308541,0.843108583625825,0.005222865877621687,2.727832797562496e-05,0.8357850610436817,0.8538827041413247,0.8436554314140521,0.7537930610749651,0.004581281391063158,2.098813918410158e-05,0.747032631039984,0.7621038142892774,0.7538478088342817,0.6264531230926514,0.0005034502991955371,2.534622037600758e-07,0.6255094766616821,0.6272422134876251,0.626468262076378
20,0.0076778523489934546,-0.005395977653912851,0.0031908079825197088,0.009433536545909395,0.006499068187708781,-0.0006143268152252404,0.676759111875935,0.0012303699468868736,1.513810206202408e-06,0.6738602270797569,0.6782719025516836,0.677291381943261,0.6655319148936172,0.0019462400182767659,3.787850208741946e-06,0.6625443262411348,0.668927304964539,0.6657358156028369,0.6801867012333418,0.0014793012783974112,2.1883322722682147e-06,0.677371724183503,0.6823070865834023,0.6802805382008696,0.8498637212085487,0.004423958948838516,1.9571412781008386e-05,0.8403670882119159,0.8557374585822861,0.8505943609391885,0.7510699200029655,0.0022200107985653186,4.928447945746623e-06,0.7469257728622876,0.7546902413466857,0.7511263262101768,0.626452248096466,0.0007001998969624409,4.902798957062129e-07,0.6256437122821807,0.6279480934143067,0.6261401653289795
48,0.014362416107382413,-0.0013897211886273325,0.011851999548670873,0.007880816725735231,0.010675110070937917,-0.000685655100840312,0.6794850917699218,0.001965121734049131,3.861703429632265e-06,0.6771649687009839,0.6834633971431749,0.6788483502879339,0.6699468085106383,0.0019616052036793012,3.847894975101713e-06,0.6667553191489362,0.6731382978723404,0.6688829787234043,0.6860591905676271,0.00196489164603948,3.860799180675738e-06,0.6826934438389547,0.6896294779808712,0.6856952154841087,0.8485564531254187,0.00215621043069275,4.649243421428215e-06,0.8456701185149461,0.8528220980807187,0.8492461082978324,0.7541861667460583,0.0015358025781675277,2.358689559106025e-06,0.7526919193828407,0.7569690256820942,0.7536893575447332,0.6264075368642807,0.0008257354599076936,6.818390497489703e-07,0.6243839681148529,0.6274124920368195,0.626683509349823
22,0.0031812080536911358,-0.008997181987997828,-3.4838101295358604e-05,0.006711639869267978,0.0038919712526221647,-0.0007006609221685715,0.674308741887414,0.001225198322897822,1.5011109304316359e-06,0.6721868437726594,0.676290840106267,0.6742005705243205,0.6625620567375886,0.0028348147406757882,8.036174613952736e-06,0.6583333333333334,0.6667996453900709,0.6615026595744681,0.6779996381625499,0.0024436418582141064,5.971385531216091e-06,0.674676541209049,0.6810031047956746,0.6773454902653819,0.8475720980807189,0.0027977119898818705,7.827192378328775e-06,0.8425948253534461,0.8531251283837491,0.8477084617170825,0.749124451647986,0.0017991639813136216,3.236991031656282e-06,0.7458568373893966,0.7516372670454007,0.7495990591408721,0.6263981306552887,0.0005722139949211953,3.274288559836737e-07,0.6253110885620117,0.6271434128284454,0.6266149044036866
73,0.016302013422818767,0.0011561137352210258,0.015338946815100469,0.003488293088615359,0.007957432527195614,-0.0008086703156703096,0.6812173560111042,0.001361216184408498,1.85290950069563e-06,0.6789713902253313,0.6837028952181028,0.6813984673931814,0.6712278368794327,0.003972207503939521,1.5778432454353445e-05,0.6667553191489362,0.6773936170212767,0.6689051418439717,0.6884234219178895,0.004240272992758582,1.7979915053117817e-05,0.6836058530523633,0.6964340789324035,0.6878786383030678,0.844858293366914,0.0031838004665471612,1.0136585410785922e-05,0.8401200778786985,0.8501874179460387,0.8435207512793719,0.7521581809089252,0.002756591723091395,7.5987979278159864e-06,0.748777796602512,0.7573772707809681,0.751450665349689,0.6263304263353348,0.0005318829762401192,2.8289950041404724e-07,0.62570880651474,0.6270852863788605,0.6260736823081969
87,0.00504697986577176,-3.3835791666426096e-05,0.000641186073326061,0.013248349671313256,0.0066824307692797,-0.0009212467809570034,0.6804076778206883,0.0013690150581761058,1.8742022295129262e-06,0.6783277917536615,0.6824835829048889,0.6806944866819249,0.6637943262411348,0.0036985620107872303,1.367936094763848e-05,0.6582890070921986,0.6688829787234043,0.6636081560283689,0.6784579982767285,0.0031085866544498914,9.66331098822397e-06,0.674711094389752,0.6844898748261751,0.678946340147236,0.8530754941099769,0.0038792146657103594,1.5048306422662335e-05,0.8459731488179765,0.8596486974073182,0.8530199095285302,0.7512067488623503,0.0026473551049968815,7.00848905195305e-06,0.7465323034030488,0.7551350753746265,0.7505085533324931,0.6262598592042923,0.0011053001990195491,1.2216885299526549e-06,0.6250532567501068,0.6285964250564575,0.6261545598506928
34,0.019805369127516757,-0.0010695510979371057,0.013320066520227351,0.01400116262911177,0.014184102615474028,-0.0009894428711819511,0.6797029453290836,0.0014780163962601353,2.1845324676137975e-06,0.67738645102872,0.6820502010915628,0.679845238145408,0.6735416666666667,0.0032570860455047364,1.0608609507821683e-05,0.6667553191489362,0.6773492907801419,0.6731382978723405,0.6870545741204138,0.0028514261195023865,8.130630914980438e-06,0.6817006602531569,0.6914178889912203,0.6867019262451033,0.8537093034679242,0.0022639223380268463,5.125344352616941e-06,0.8491183943770151,0.856618394377015,0.853588091346712,0.7568046478087991,0.002227389158152758,4.961262461856452e-06,0.7520743221855557,0.7596935191627889,0.7567895730366385,0.6262171113491057,0.0009013697643830723,8.124674521439953e-07,0.6245104968547821,0.6276565730571747,0.6264577716588974
43,0.012429530201342293,0.00467444350531941,0.01215099986399763,0.0068836050200966606,0.009378497305823583,-0.0012735721693009593,0.683611335601979,0.00168129618732336,2.826756869508067e-06,0.6807179175420974,0.6858928206545115,0.684179813699654,0.6686702127659575,0.002915561669576241,8.500499849102198e-06,0.664627659574468,0.6752216312056738,0.6678413120567377,0.6862619197359284,0.0019860218679912693,3.94428286013953e-06,0.6835789350048836,0.6904618344946408,0.685811517494819,0.8477168792254999,0.003578493111305191,1.2805612947658707e-05,0.8430577883164089,0.8535880913467121,0.846807788316409,0.7532186081297123,0.002339618437252384,5.473814431931287e-06,0.7498736302232817,0.7578429370307589,0.7525692965786812,0.6260390084981918,0.0006982378978938485,4.875361620552204e-07,0.6246701955795289,0.6271849572658539,0.626158156991005
31,0.011429530201342233,-0.003826611318321403,0.007172689189449247,0.013227319450381908,0.009649890895672246,-0.0013069404147891686,0.6778269569113669,0.0022098219405005653,4.883313008717684e-06,0.6731102054059876,0.6805972806064304,0.6783618956680542,0.6680097517730497,0.0023653813016143934,5.595028702027001e-06,0.6646276595744681,0.6730939716312057,0.6667553191489362,0.6828865093070334,0.0016344072739061025,2.6712871369971772e-06,0.6814426421635891,0.6864247470470098,0.6820635299535944,0.853057788316409,0.002556074527094692,6.533516988062352e-06,0.846088091346712,0.8569214246800453,0.853588091346712,0.7534211275043045,0.001720795592619541,2.9611374715788373e-06,0.7498747934227835,0.7569981732511034,0.7530000142914678,0.6260180920362473,0.0004884406438549596,2.385742625694475e-07,0.6251854181289673,0.6266403317451477,0.6262099951505661
82,0.011181208053691277,-0.0014545176180353024,0.010796942195648567,0.003301020695010303,0.007191567233679963,-0.001594490975511457,0.6794410022900548,0.001579972002200946,2.496311527738866e-06,0.676717790783157,0.6821105195206472,0.6798080207869293,0.6678457446808511,0.002705513412796104,7.319802826819622e-06,0.6646719858156028,0.6731382978723405,0.6678413120567377,0.6853438371424821,0.002296147236050209,5.272292129621015e-06,0.6817094731814971,0.6881462192978951,0.6856683103650099,0.8447006247264868,0.003749240008781328,1.4056800643446612e-05,0.8387311889898097,0.850094825353446,0.8449237177254418,0.751586676768569,0.0020654220337762786,4.2659681776085385e-06,0.7486913690582839,0.7558276059998711,0.7511087824315545,0.6258378446102142,0.0007835789127291648,6.1399591247382e-07,0.6244632005691528,0.6273171186447144,0.6256466418504715
95,0.0076442953020132865,-0.003003632541337466,0.007770109593155269,0.002948712780752017,0.005568795055078211,-0.0018081886669019827,0.6783869369372777,0.0015086974671590613,2.2761680474121664e-06,0.6761000350836316,0.6800304458774397,0.6788791318019674,0.6655097517730496,0.004265992542877543,1.8198692375886802e-05,0.6582890070921985,0.6731382978723405,0.6667553191489362,0.6832915742362701,0.002704596156551452,7.314840370032887e-06,0.6791019815213364,0.6883404945098494,0.6833651730123504,0.8444040091453884,0.004858361368335653,2.3603675185336278e-05,0.8361638489224695,0.850094825353446,0.8445167747322919,0.7503757314146304,0.0032520543281528724,1.0575857353257829e-05,0.744670019868359,0.7554546161002568,0.7508659488690972,0.6257038909196855,0.0004910859150435012,2.4116537595411283e-07,0.6244721174240112,0.6261947453022003,0.6258338630199431
59,0.01725503355704703,0.001055210458224217,0.015722616293735565,0.0034074129274597213,0.00980165203049476,-0.0018300855082648752,0.6811486983236311,0.0018944287785358756,3.5888603969449296e-06,0.6787837872311812,0.6845121718890625,0.6811430081801146,0.6718572695035462,0.0025326115082077894,6.414121051506534e-06,0.6688829787234043,0.6773492907801419,0.6710328014184398,0.6886835587482514,0.0024374978630455103,5.9413958323514286e-06,0.6838256306227971,0.6938930351952804,0.6885115565974599,0.8447901986264055,0.0037105124475171384,1.3767902623179623e-05,0.8389361117809395,0.8502547580133786,0.8447231488179764,0.7535343747262775,0.001811298147674073,3.280800979767528e-06,0.7508049466872996,0.7568274573830246,0.7533847028928912,0.6256901651620865,0.0006047935090531466,3.6577518859281845e-07,0.6249301850795745,0.6266159176826477,0.6257187008857727
68,0.02750335570469774,0.001040361307278402,0.020446679647629022,0.01477900499739553,0.01816570515332508,-0.0018581231261397058,0.6811385945054478,0.0029713370279807797,8.828843733849652e-06,0.6760147856066808,0.6865674151268946,0.680717264034328,0.6786258865248226,0.0037021195925294524,1.3705689477390439e-05,0.6730939716312057,0.6858599290780142,0.6773492907801419,0.6918865835801516,0.0026198688458580082,6.863712769497372e-06,0.6881357918587028,0.6974983875730976,0.6916461564150824,0.8543641856228061,0.00437767057979991,1.916399970524568e-05,0.846088091346712,0.8604820307406514,0.8551369128955335,0.7597757999877792,0.003020989509485897,9.12637761642384e-06,0.7557032298036919,0.7654093497944886,0.7589989493216218,0.6256725901365281,0.0009968116181318782,9.936334020426932e-07,0.6242345571517944,0.627139788866043,0.6254852771759033
78,0.006724832214765024,0.0006037636563274045,0.0029703232247780234,0.014037155335099092,0.007686917346333549,-0.0018654011539229625,0.6808415200598732,0.0008835432897089803,7.806487447897672e-07,0.6796194940139787,0.6826543365501552,0.6807628374075068,0.6649024822695035,0.0034750642259790392,1.2076071374679298e-05,0.6604166666666667,0.668927304964539,0.6657579787234043,0.6800372074392926,0.00252646096897884,6.3830050277735e-06,0.6751367423238991,0.6829184093777005,0.6810801143803633,0.8537396064982271,0.004638085329851826,2.151183552698672e-05,0.8470645223231431,0.8603220980807187,0.8557766435352642,0.7519563170208488,0.002913748317240208,8.489929256220142e-06,0.7478441660663442,0.7559971242193023,0.7517566903778496,0.6256680279970169,0.0007071006719006704,4.999913602023795e-07,0.6243357956409454,0.6269599318504333,0.6257543444633484
100,0.0220335570469798,0.0044079656933805455,0.019404851166212773,0.014179126564271827,0.015883670598896404,-0.002114754905649885,0.6834300159176718,0.000854348928502506,7.2991209163338e-07,0.6818216047039962,0.6845498671808311,0.6836270198299477,0.6750132978723404,0.0027800752690049393,7.728818501332886e-06,0.6709219858156029,0.6795212765957447,0.6751994680851063,0.6911801996376487,0.0027720811460147723,7.684433880090574e-06,0.6867666455386761,0.696302370434695,0.6915389271786047,0.8538591351177558,0.002653993283728836,7.043680350077769e-06,0.8472244549830756,0.8569214246800454,0.8535880913467121,0.7580728997423524,0.0019187661627341295,3.681663587253456e-06,0.7544675046848891,0.7607572714004678,0.7581269946181186,0.6255117237567902,0.0007051557539005639,4.972446372590726e-07,0.624816620349884,0.6269273459911346,0.6253150254487991
94,0.013463087248322016,0.0028459375533064525,0.008583153111735707,0.018662218054484408,0.01217183942504337,-0.0022206371828530883,0.6823671640157579,0.0012826209251995393,1.645116437759722e-06,0.6806117236537964,0.6852288117904576,0.682351156109865,0.6693528368794326,0.0032685726586674916,1.0683567224988675e-05,0.6646719858156028,0.6753102836879432,0.668927304964539,0.6838428366526139,0.002469306248790768,6.097473350317135e-06,0.680578653393831,0.687945541385719,0.6842563458118768,0.8576335458921666,0.003259372302349946,1.0623507805325987e-05,0.8524517277103485,0.8629820307406515,0.856618394377015,0.7553030564002914,0.0022722484495093153,5.1631130162974885e-06,0.7517042731035131,0.7597020117761387,0.7549311380753881,0.6254453527927397,0.0003905913846280526,1.5256162974565932e-07,0.6246921598911286,0.626014906167984,0.625537633895874
52,0.013986577181208196,0.003407557106257119,0.014116996667768009,0.005984787167799315,0.009316999527885715,-0.0022589804272123482,0.682749307201717,0.0012687059919414556,1.6096148939881528e-06,0.679845327395679,0.6843807790858347,0.6830079692729066,0.6696985815602838,0.0038180412368613945,1.4577438886374086e-05,0.6645833333333334,0.6773492907801419,0.6688608156028368,0.6875949112964085,0.0028112265716082035,7.902994836916013e-06,0.6827343826363264,0.6917926044357049,0.6877197837863707,0.8469601452187658,0.004329552962134933,1.874502885193137e-05,0.8396571149157357,0.8564584617170825,0.8463911216497422,0.7531727172465351,0.0034487724791601713,1.1894031613012596e-05,0.748035727761071,0.7602325647026056,0.7526406636675271,0.6254213178157807,0.0007689719833712358,5.913179112098921e-07,0.6244566977024079,0.6272697269916534,0.6252687484025956
49,0.017885906040268434,-0.00054274215253972,0.01108049911819726,0.02060782377258281,0.014836689620731012,-0.002278830026111428,0.6800614023089523,0.001969364648140519,3.8783971173456305e-06,0.6762677603318312,0.6827425400769885,0.6801361429188371,0.6722739361702128,0.004049596968603003,1.639923560811863e-05,0.664627659574468,0.6773936170212767,0.6731382978723405,0.6855360953312789,0.0035566703881964525,1.2649904250273502e-05,0.6801589147155782,0.6900249902469764,0.6866421443735745,0.8592715930302136,0.003961828546701538,1.569608543345922e-05,0.8539584617170825,0.8663827041413248,0.8586554314140521,0.7572916214040314,0.0029278108409622108,8.572076320455849e-06,0.7523165758026116,0.7615083235996581,0.7580438352520483,0.6254088753461838,0.0006820785972330418,4.65231212803394e-07,0.6242192685604095,0.6263562321662903,0.6255807310342789
4,0.01571812080536899,0.0008423777391200035,0.01912054336493866,-0.0006338715443342084,0.007784068023422698,-0.0025868073692792556,0.6810038804074323,0.0013695226043497317,1.8755921638248715e-06,0.6786121138609784,0.6824697552382698,0.6815684932462067,0.6708421985815602,0.004302925194926939,1.851516523313704e-05,0.6625443262411348,0.6753102836879433,0.6721187943262412,0.6909874323356112,0.0029916787175569555,8.95014154908323e-06,0.685173378474327,0.6952831810858985,0.6919166409709383,0.8413877546463754,0.003428799909682935,1.1756668820641704e-05,0.8363237815824023,0.8463911216497424,0.8413574516160722,0.7520288128169959,0.0030642408811372194,9.389572177632603e-06,0.7463718291444225,0.7557679412130472,0.7528922985272327,0.6252158236503601,0.0005572528459663094,3.1053073433755134e-07,0.6240397453308105,0.625959599018097,0.6252822518348693
33,0.017261744966442928,-0.00586557624640198,0.018633087323631548,-0.003895486431927365,0.008818352780795197,-0.002808997360922352,0.6764395825765848,0.001831959727104177,3.3560764417316107e-06,0.6739108456894416,0.6799357560141139,0.6761778284955483,0.6718617021276596,0.004269967768287734,1.8232624742216135e-05,0.6667553191489362,0.6773936170212767,0.672052304964539,0.6906569258017647,0.0034714456082612093,1.2050934611116038e-05,0.6840521200215203,0.6970496810270838,0.6912959581911764,0.8386417311934553,0.003948553890638966,1.5591077827280113e-05,0.8354428457876735,0.845625128383749,0.8359885325402567,0.7528006169790988,0.002841826309526687,8.075976773518068e-06,0.749279951261822,0.7577007575625416,0.7520131514606294,0.6250765466690064,0.0009742983025819155,9.492571824140018e-07,0.6233486354351043,0.6265907645225525,0.6252739578485489
62,0.0163221476510068,0.007480608340796132,0.015805252837265,0.0036196113042344835,0.009878655013152993,-0.003102731487711198,0.6855207363073522,0.001062930056294009,1.1298203045731854e-06,0.6834180256785316,0.6874525379631098,0.6853843137650959,0.6712411347517732,0.004688191040221804,2.1979135229616e-05,0.6625443262411348,0.6773936170212767,0.6699689716312058,0.6887395882468247,0.003964346769870875,1.5716045311785638e-05,0.6832980119377179,0.6951247722644782,0.6881202739618931,0.8449688529860945,0.004195410261182742,1.7601467259637446e-05,0.836579209424037,0.8539584617170825,0.846088091346712,0.7535918359061763,0.0032397365763069826,1.049589308386129e-05,0.7471469866324292,0.7581487672759603,0.7532578030572804,0.6248924231529236,0.0006042442791295702,3.6511114886081396e-07,0.6239689588546753,0.6258283436298371,0.6249601662158966
24,0.0089395973154361,0.0007327430147555799,0.007587822856921646,0.0018086334758684354,0.004993968246753391,-0.0031499996822633527,0.6809292815751085,0.0020669387304966293,4.272235715627017e-06,0.6764293281770571,0.6840362773169072,0.6810829755619585,0.6663652482269503,0.002977509462194027,8.865562597454965e-06,0.6625443262411347,0.6710549645390071,0.6657136524822695,0.683167979589259,0.0020807803009422177,4.329646660789187e-06,0.67984497247166,0.6862021598239515,0.6829670492805731,0.8434441519527726,0.002915328303717645,8.4991391184572e-06,0.8388911216497423,0.8482850610436816,0.8422244549830756,0.7499467840478719,0.002144403306244219,4.598465539831136e-06,0.7475955148334654,0.7533923820099765,0.7493968026568383,0.6248627936840057,0.0011258495130023873,1.2675371259277124e-06,0.6220184445381165,0.6260475397109986,0.6252884089946746
65,0.010879194630872455,0.0018883865408002582,0.004613148239938028,0.01565527569479298,0.01088090586046358,-0.00317528830898028,0.6817156169093316,0.0016350991327787005,2.673549174013658e-06,0.6785505843906056,0.6853811153178382,0.6816884157529551,0.6676462765957447,0.0033189937196613298,1.1015719311151348e-05,0.6625443262411348,0.6731826241134752,0.6678634751773049,0.6811510810103758,0.0021770186269028415,4.739410101881934e-06,0.677917406434271,0.6850052032268175,0.6814047690392806,0.8551019366967644,0.00351048704366599,1.2323519283746783e-05,0.8490034518482794,0.8629344282792559,0.8557374585822861,0.754339735718014,0.0024364266144014752,5.936174647363835e-06,0.749739573907128,0.7576676005400238,0.7544027659544361,0.6248469418287278,0.0004076003460675343,1.6613804211437372e-07,0.6241281211376191,0.6255813062191009,0.6248692989349365
21,0.007892617449664243,-0.0009804140108613329,0.002692155998351879,0.01910312870283052,0.010375530760568739,-0.0032152528020165127,0.6797635969397038,0.001616983112625644,2.6146343865165164e-06,0.6779250850183859,0.6826648842863896,0.6794687935117123,0.6656737588652482,0.0031886068543087176,1.0167213671344535e-05,0.6603280141843971,0.6730939716312057,0.6656693262411347,0.679848603589827,0.002824697128621975,7.978913868445232e-06,0.6768475228710826,0.6865773038876282,0.6793839934650086,0.8580047580133787,0.003290171468636747,1.0825228293031291e-05,0.852064522323143,0.8614584617170824,0.858125128383749,0.7539626146179091,0.0021884800386227205,4.789444879450104e-06,0.7498511623618996,0.7580664684808266,0.7541494734541401,0.6248218905925751,0.0008377583357580698,7.018390291321308e-07,0.623611855506897,0.6260923683643341,0.6247634530067444
5,0.015872483221476517,0.0009017688709662868,0.015028705019809905,0.005298374546908868,0.009104853445139989,-0.0033978538978242075,0.6810442919568918,0.0008783624082225613,7.715205201785374e-07,0.6792783677662746,0.6825732620311066,0.6811165673893456,0.6709441489361703,0.0026878849300824184,7.224725397364168e-06,0.6666666666666667,0.675177304964539,0.6709441489361703,0.6882130707647048,0.0025205118502112044,6.352979987055109e-06,0.6841291061879297,0.6925980387720224,0.687625326916653,0.8463822397270674,0.002795964339927071,7.817416590143822e-06,0.8403755057203333,0.8501398154846431,0.8470042935991211,0.7530144095576033,0.0019115787293637059,3.6541332385557603e-06,0.7490914738977733,0.7559899740212302,0.7535201701341494,0.6247074294090271,0.0005360200453764148,2.8731748904533374e-07,0.6238073348999024,0.6257353961467743,0.6246473848819732
75,0.010872483221476388,0.0036728609494805766,0.005722138049468177,0.014709329462146037,0.009530802130076487,-0.003473601868981019,0.6829298280816685,0.0016191992558427294,2.6218062301216483e-06,0.6799548374284077,0.6852672342866033,0.6828020705161684,0.6676418439716312,0.0023527172924121533,5.535278658015174e-06,0.6646719858156028,0.6731382978723404,0.6668439716312057,0.6819030018954592,0.0015178483191475903,2.303863519939165e-06,0.6794713739562811,0.6843609373814482,0.682365138856625,0.8543055242969035,0.006056149036493014,3.667694115221526e-05,0.8441183943770151,0.8668006769730908,0.854720246228867,0.7533322610637122,0.0026782536038558714,7.173042366566963e-06,0.7500849697200663,0.75956147878571,0.7536454979127245,0.6246599477529526,0.0004801994238024628,2.305914866202173e-07,0.6239364445209503,0.6253911256790161,0.6244935184717179
32,0.011530201342281728,-0.0030836403158352723,0.016540159444090003,-0.011523664700310016,0.0031178228029238083,-0.0035111939189393245,0.6783324971912121,0.0013572115384966601,1.8420231602284713e-06,0.6762814382313456,0.6800568790524916,0.678679228742313,0.6680762411347517,0.0030389057142735424,9.234947940244389e-06,0.6625443262411347,0.6731826241134751,0.6678634751773049,0.6892378720195959,0.0024031607533832196,5.775181606601403e-06,0.6860756987893428,0.6941769072214338,0.6891964896910854,0.8322194044780252,0.004884982926412434,2.3863058191340993e-05,0.824960145218766,0.8419214246800454,0.8316941519527725,0.748546766449298,0.0027581689706918204,7.6074960708871755e-06,0.7432631431477661,0.7536364331371801,0.7489788301503786,0.624636383652687,0.0010296551333768978,1.0601896936893974e-06,0.6225375294685364,0.6263869106769562,0.6246879905462265
91,0.0034093959731542264,0.0005185842225997543,0.007610041657285898,-0.0035182870102718343,0.0021120306319831915,-0.003865850862564701,0.6807835613580939,0.0018464372997763496,3.409330702005377e-06,0.6784201354203393,0.6847983799858965,0.6803001808974971,0.6627127659574468,0.0038592249249398062,1.4893617021276653e-05,0.6582446808510638,0.6731382978723405,0.6625,0.6831830444526976,0.002482716292128157,6.163880187198585e-06,0.681215110104294,0.6897850992455986,0.6823602364952309,0.838959303467924,0.004200475780913664,1.7643996786042253e-05,0.8328305155891362,0.8472244549830756,0.8385123337709544,0.7477962240302889,0.002848603809335976,8.114543662563435e-06,0.744246490777243,0.7550335636916726,0.7470953463813692,0.6244140714406967,0.0005969728041131986,3.563765288507754e-07,0.62364861369133,0.62598357796669,0.6242516577243804
26,0.006281879194630641,0.0027351627744530986,0.008612564013380538,-0.000909091632358752,0.004280225082134466,-0.003935741419148391,0.6822917894553593,0.0020243640039837364,4.098049620625066e-06,0.6773398976814458,0.6844868028066777,0.6833241718814603,0.6646099290780141,0.0026878812751324485,7.224705749207637e-06,0.660372340425532,0.6688829787234042,0.6645833333333333,0.6838627779280033,0.0017573428166966613,3.088253775395355e-06,0.679748270692156,0.6865739398921262,0.6839298823202435,0.8411560409577652,0.0035649270482267996,1.270870485917904e-05,0.836048906393734,0.8466941519527726,0.8411400476917719,0.749414174492139,0.0022835249000363166,5.2144859690858705e-06,0.7463201846076079,0.7533831006646022,0.7492201657721551,0.6243702614307403,0.0005738330397482878,3.292843575067601e-07,0.6239260494709015,0.6259589493274689,0.6242289453744889
30,-0.0014093959731544432,-0.0007926982664839128,-0.004005199062404498,0.009701827003758486,0.003634933518862702,-0.004018640000303746,0.679891324495189,0.001408376635156345,1.9835247464543086e-06,0.6779526467951098,0.6826712001036237,0.6797345684342719,0.6595301418439716,0.004367833218979561,1.907796702882135e-05,0.6539893617021277,0.6667553191489362,0.6593085106382979,0.6753076410834763,0.003477634085809682,1.2093938834785342e-05,0.6713440111659926,0.6809846000569403,0.6749754874909673,0.8500896006930491,0.004024666662700834,1.619794174585547e-05,0.8447891827202172,0.8565707919156195,0.8503207919156195,0.7489326449029683,0.0031160702492103796,9.709893798014038e-06,0.7446707131072277,0.7543048959998757,0.7485101384933577,0.6243182975053787,0.0010824250417361865,1.171643970977585e-06,0.6223981022834778,0.6259488224983215,0.6245080649852752
76,0.007671140939597219,0.0005632440642119835,0.012105335455598854,-0.01190558730273231,0.0022218726534481356,-0.004024095193064756,0.6808139492854167,0.002085760095863706,4.3503951774973765e-06,0.6782954507959744,0.6843534569811413,0.6803596272568542,0.6655274822695035,0.002555441439931639,6.53028095291989e-06,0.6604166666666667,0.668927304964539,0.6657358156028369,0.6862309582049162,0.002467485776549608,6.088486057474623e-06,0.6819361711453972,0.6899974756372215,0.6856598875835795,0.8318978556564763,0.0013333333333333196,1.7777777777777413e-06,0.8312311889898097,0.834564522323143,0.8312311889898097,0.7478781903637731,0.001494437198054313,2.233342538928426e-06,0.7449682126337992,0.7498692761534005,0.7481636241777205,0.6243148779869079,0.0007186432731566022,5.164481540532348e-07,0.6228207290172577,0.6254027724266052,0.6242963939905166
36,0.004409395973154454,0.002934302886342509,0.004413958904714259,-0.00043591166140347597,0.002999710482911014,-0.0041090362622889075,0.6824272905012361,0.001522247854650013,2.3172385309865675e-06,0.6791617857307072,0.6844318668271674,0.6827622718257089,0.6633732269503547,0.003941500228894299,1.5535424054373812e-05,0.6582890070921985,0.6710106382978724,0.6635859929078014,0.6810160260081084,0.002972529640578551,8.83593246411805e-06,0.6770989904266644,0.6867679393902034,0.680974789020205,0.8415544213130419,0.0028881677186073673,8.341512770805685e-06,0.838057788316409,0.845625128383749,0.8414247916834123,0.7484586286521084,0.002784088939168043,7.751151221197839e-06,0.7447074519011293,0.7539749717587169,0.7483349036126354,0.6242616337537765,0.0006305364675528845,3.975762369140698e-07,0.6231745839118957,0.6251362025737762,0.6243699967861176
70,0.002805369127516584,-0.0025161181059724018,0.007380098349452428,-0.012467301056231412,-0.001230273419856315,-0.004311006763106254,0.6787186567261502,0.0023183076619637095,5.374550415519641e-06,0.6747112568905717,0.682467976151254,0.6786647558265702,0.662313829787234,0.0036160433596674657,1.3075769578995173e-05,0.6540336879432623,0.666799645390071,0.6625221631205674,0.6830271375416879,0.0029442029940844163,8.66833127037564e-06,0.6779598001570736,0.6866678883392938,0.6833688441164424,0.831424936812868,0.004512653069147938,2.036403772249031e-05,0.820630933561968,0.8384731488179764,0.831866856004787,0.7453021292852627,0.0027399749495458808,7.507462724138953e-06,0.7385294715836921,0.7491607656593666,0.7455188940881777,0.6241350311040877,0.0004997262682988315,2.497263432278758e-07,0.623297518491745,0.6250815689563751,0.6239912152290343
66,0.019550335570469566,-0.0029727477717329557,0.02169136136525542,-0.010717448771654658,0.006760023326960453,-0.004880672660248324,0.6784079518827016,0.0016270317597805888,2.6472323473347194e-06,0.676134961422575,0.6804730396453927,0.6782212386851518,0.6733732269503545,0.003347617392621793,1.1206542207383932e-05,0.668927304964539,0.6795656028368794,0.6731382978723404,0.6927305067350102,0.002274139005523859,5.171708216445046e-06,0.6896472777790136,0.6972255857779068,0.69277050749427,0.8328981749412785,0.0040449596973030615,1.6361698952806072e-05,0.8271571149157356,0.8410880913467121,0.8325022327608536,0.751264649995031,0.002815119680163542,7.924898813644081e-06,0.7476307008205392,0.7565003528821597,0.7509428077598634,0.6237779432535172,0.0004602980186520636,2.1187426597501549e-07,0.6230815708637237,0.6245879411697388,0.6237483084201813
29,0.006959731543624015,0.0018356622668264054,0.011117744391114733,-0.0012163052368167197,0.0048901014433805545,-0.005039129987641977,0.681679741694646,0.0020853898642069013,4.348850885736879e-06,0.6771840467196373,0.6842531048634155,0.6819958642401236,0.6650576241134751,0.0031173703451094644,9.7179978685679e-06,0.6582890070921986,0.6710106382978723,0.6646276595744681,0.6855613484926124,0.0026307500830687995,6.920845999566495e-06,0.680304253202338,0.691427979044078,0.6859135768166926,0.8408973912422189,0.00234236739905154,5.486685032139475e-06,0.8357458760907036,0.8429428457876733,0.8414276942725218,0.7498692765427326,0.0020467951360238746,4.189370328850991e-06,0.7448631973872855,0.7526710608359491,0.7500591965996095,0.6236786162853241,0.0007201486131439527,5.186140250131585e-07,0.6222747504711151,0.624836528301239,0.623673340678215
7,0.01944966442953007,0.0018317468711603162,0.012940674073661881,0.013802202948792431,0.01442622252718285,-0.005125406090967025,0.6816770775392292,0.001678549398220542,2.8175280822665436e-06,0.6778622557275602,0.6848433852200443,0.6815187972620287,0.6733067375886524,0.0033491283952690794,1.121666100799764e-05,0.6688829787234043,0.67947695035461,0.6730718085106382,0.6867973372172755,0.002740392588145957,7.509751537165299e-06,0.683226363947311,0.692117074222214,0.686319661294283,0.8535417950504158,0.0031666757285646295,1.0027835169880326e-05,0.8486554314140522,0.8569887647473854,0.8528220980807187,0.7569853225738992,0.002282166618119412,5.2082844728585934e-06,0.7529686264171558,0.7600415492700081,0.7571755148462459,0.62362453520298,0.0004853840308323158,2.355976573870265e-07,0.6227256000041962,0.6244751870632171,0.6236432939767838
17,0.011187919463087344,-0.0010487040461955252,0.013991302576526622,-0.010511456033843536,0.0035125506933632515,-0.008296821436105186,0.6797171303031083,0.001484686424774366,2.2042937799092897e-06,0.6779663448329115,0.6823521798148088,0.6795350644240262,0.6678501773049647,0.0038173129892734277,1.4571878458075633e-05,0.6625886524822696,0.6752659574468086,0.6678413120567376,0.6875096877790021,0.002747812726792944,7.550474781525275e-06,0.6837909029683995,0.6932488035909088,0.6870540200072632,0.8330716046405702,0.003534285281221206,1.249117244905686e-05,0.8271545025855371,0.8388911216497423,0.834051054309675,0.7488413203683881,0.002961609183895903,8.771128958136556e-06,0.7442633917287899,0.7545306979019692,0.749098697725439,0.6216365736722946,0.00042686193013775914,1.8221110740093318e-07,0.6209957838058472,0.6224290311336518,0.6217262744903564
